pain_summary,category,who_has_pain,current_solution,competitors_mentioned,is_recurring,urgency,market_size_hint,rule_score,pain_score,engagement_score,sentiment,matched_signals,subreddit,title,upvotes,comments,hours_ago,url,final_score,has_buying_signal,n_competitors,founder_score
"Distributors refuse to accept credit card payments, causing cash flow issues.",workflow,restaurant owner,,,True,8,niche,22.8,0.0,22.8,0.21,,RestaurantOwners,Maine coast restaurant owner and vendors won't take cc with the season weeks away,100,90,48.6,https://reddit.com/r/restaurantowners/comments/1t6qhx6/maine_coast_restaurant_owner_and_vendors_wont/,51.8,False,0,100.2
The core problem is customer fatigue and burnout from dealing with difficult customers and external business challenges.,workflow,small business owners,,,True,7,medium,23.6,0.0,23.6,0.04,,smallbusiness,Customer fatigue as a small business owner,176,82,30.2,https://reddit.com/r/smallbusiness/comments/1t7es8a/customer_fatigue_as_a_small_business_owner/,70.4,False,0,96.4
The AI agent automation caused a client API overload due to undocumented rate limits and stale documentation.,integration,developers working on automation and integration,manual workarounds,,True,9,medium,25.9,12.0,13.9,0.048,manually,automation,We pushed ai agent automation to prod and broke client api with rate limit overload,9,21,36.4,https://reddit.com/r/automation/comments/1t74yrh/we_pushed_ai_agent_automation_to_prod_and_broke/,72.1,False,0,95.4
The poster is in a tough financial situation due to her father's job loss and is seeking ways to earn money.,cost,18-year-old female student,,,True,8,medium,19.5,0.0,19.5,-0.001,,sidehustle,Need practical ways to earn as an 18F in a tough financial situation,29,69,150.0,https://reddit.com/r/sidehustle/comments/1t2s7ow/need_practical_ways_to_earn_as_an_18f_in_a_tough/,68.8,False,0,95.2
"The client was overly demanding and constantly changed project requirements, causing stress and anxiety.",workflow,freelance UI/UX designers,The freelancer asked for payment after the first set of screens and eventually stopped working with the client.,,True,8,medium,18.5,0.0,18.5,0.152,,freelance,I think I’m done with freelancing because of clients like this...,33,45,63.6,https://reddit.com/r/freelance/comments/1t6417b/i_think_im_done_with_freelancing_because_of/,67.3,False,0,93.8
Data quality issues prevent reliable automation workflows in professional services firms.,data,professional services firms,Conducting data walkthroughs and implementing logging for workflow errors.,,True,7,medium,43.8,28.0,15.6,-0.013,"manually, spreadsheet",automation,"After 40 automation builds for law firms, accounting practices, and agencies, two things kill almost every workflow before it makes it to Monday morning. Neither of them is the API.",34,16,144.5,https://reddit.com/r/automation/comments/1t30lml/after_40_automation_builds_for_law_firms/,74.9,False,0,92.8
Struggling to make the first sale after launching a product and investing significant time and money.,workflow,founder,Continued refining the product and promoting it on Instagram.,,True,7,niche,21.0,0.0,21.0,0.043,,startups,Today someone spent their own money on something I created. WHAT A FKN RUSH (I will not promote),78,58,110.4,https://reddit.com/r/startups/comments/1t4a6el/today_someone_spent_their_own_money_on_something/,46.5,False,0,92.5
Slow website performance negatively impacts user trust and perceived credibility.,workflow,web development teams,,,True,7,broad,28.8,10.0,18.8,0.108,broken,webdev,People underestimate how much trust a fast website creates,100,23,38.2,https://reddit.com/r/webdev/comments/1t72w14/people_underestimate_how_much_trust_a_fast/,89.6,False,0,92.2
"Building a wearable product involved unexpected challenges, especially in materials integration, which delayed development significantly.",workflow,hardware startup founders,Hiring internal team instead of freelancers for development.,,True,8,medium,17.2,0.0,17.2,0.044,,Entrepreneur,I just publicly demoed the wearable I spent 6 years building. Here's what closing the seed and getting to a working product actually looked like.,25,34,28.4,https://reddit.com/r/Entrepreneur/comments/1t7hrv9/i_just_publicly_demoed_the_wearable_i_spent_6/,65.2,False,0,91.8
Founders and product managers struggle to gather feedback from potential customers when they don't have existing users.,workflow,founders and product managers,,,True,7,medium,20.4,0.0,20.4,0.047,,indiehackers,Built a way to ready your future customers minds (kinda),24,104,145.9,https://reddit.com/r/indiehackers/comments/1t2yos8/built_a_way_to_ready_your_future_customers_minds/,65.4,False,0,91.6
Communication infrastructure becomes complex and fragile at scale.,workflow,web app developers,,,True,7,broad,28.3,10.0,18.3,0.067,broken,webdev,I underestimated how hard communication infrastructure becomes at scale,79,23,19.2,https://reddit.com/r/webdev/comments/1t7uqwq/i_underestimated_how_hard_communication/,88.6,False,0,91.4
Chinese factory owners struggle with creating timely and professional quotation sheets at trade shows.,workflow,Chinese factory owners,,,True,7,medium,30.4,14.0,16.4,0.086,excel,indiehackers,"My ""builder trap"" experience and how I try to learn from it",8,54,103.5,https://reddit.com/r/indiehackers/comments/1t4k4su/my_builder_trap_experience_and_how_i_try_to_learn/,67.6,False,0,89.8
"The website is being accessed by a large number of IP addresses, many of which are likely malicious, causing strain on resources.",workflow,website administrator for a not-for-profit educational site,Using Cloudflare free tier and .htaccess file to block long fabricated URLs,Cloudflare,True,7,niche,24.5,0.0,24.5,0.111,,webdev,"""Yesterday, your site was accessed from 486,109 different IP addresses""",322,74,87.2,https://reddit.com/r/webdev/comments/1t56vzv/yesterday_your_site_was_accessed_from_486109/,50.3,False,1,89.8
"The business is seasonal, leading to financial instability during off-season months.",workflow,young entrepreneur running a seasonal business,"Trying different side hustles and ventures, but often ends up doing door dashing.",,True,7,niche,18.9,0.0,18.9,0.133,,smallbusiness,21 with a business and lost on what to do next.,20,70,37.8,https://reddit.com/r/smallbusiness/comments/1t73acz/21_with_a_business_and_lost_on_what_to_do_next/,44.2,False,0,89.4
The user needs a free VPN for PC that doesn't require registration and doesn't throttle speed.,tooling,remote worker at an airport,,,True,8,broad,37.8,28.0,9.8,0.146,"annoying, anyone know, does anyone",automation,Best free VPN for PC with no registration and no speed limits?,4,8,128.4,https://reddit.com/r/automation/comments/1t3krku/best_free_vpn_for_pc_with_no_registration_and_no/,91.6,True,0,89.1
Manual ticket routing is time-consuming and inefficient.,workflow,helpdesk staff,manually reviewing and assigning tickets,,True,7,medium,39.5,26.0,13.5,0.159,"hate, manually",automation,Automated ticket routing would save me so much time,8,20,127.1,https://reddit.com/r/automation/comments/1t3n1qh/automated_ticket_routing_would_save_me_so_much/,70.3,False,0,89.0
Employees spend around 3 hours daily manually reading and responding to messages.,workflow,employees,manual reading and responding to messages,,True,7,broad,52.0,42.0,10.0,0.067,"hate, hours every, manually",automation,Built an AI that automates the most underestimated time sink at work: your inbox and messages,3,10,63.6,https://reddit.com/r/automation/comments/1t641g5/built_an_ai_that_automates_the_most/,96.7,False,0,88.6
"Testing does not fully capture real user behavior, leading to unexpected issues.",workflow,product developers,,,True,7,broad,18.4,0.0,18.4,0.121,,webdev,How do you handle the gap between how you test and how real users actually behave?,19,62,112.1,https://reddit.com/r/webdev/comments/1t48h7e/how_do_you_handle_the_gap_between_how_you_test/,81.0,False,0,88.6
"The API URL structure requires multiple requests for comprehensive data, leading to inefficiency.",workflow,API developers,,,True,7,medium,23.1,6.0,17.1,0.3,need help,webdev,How to decide api url structure?,24,34,42.8,https://reddit.com/r/webdev/comments/1t6xyep/how_to_decide_api_url_structure/,63.9,False,0,88.4
Managing a growing portfolio of short-term rentals manually is becoming unmanageable.,workflow,short-term rental property managers,"Basic automations for guest messages, cleaning coordination, review responses, and pricing updates, but they feel inadequate.",,True,7,medium,27.9,12.0,15.9,0.1,manually,automation,What automations help with short term rental property management?,14,32,89.7,https://reddit.com/r/automation/comments/1t54c46/what_automations_help_with_short_term_rental/,65.6,False,0,88.4
"Companies are automating broken processes, leading to faster chaos.",workflow,companies implementing AI,Conducting a 5-step audit to clarify and fix processes before automation.,,True,7,broad,36.2,22.0,13.8,-0.027,"broken, manually",automation,AI won't fix a broken process. It'll just make the mess faster. (A 5-step audit before you automate anything),12,17,59.7,https://reddit.com/r/automation/comments/1t68h4i/ai_wont_fix_a_broken_process_itll_just_make_the/,89.1,False,0,88.3
Manually converting form submissions into reports and documents is inefficient.,workflow,people dealing with high volumes of form submissions,,,True,7,medium,27.2,12.0,15.2,0.2,manually,automation,what AI tools are people using to turn form data into reports/templates?,13,26,32.7,https://reddit.com/r/automation/comments/1t7afwh/what_ai_tools_are_people_using_to_turn_form_data/,64.5,False,0,87.4
Automation pipeline breaks due to minor UI changes in client websites.,tooling,web automation developers,manually updating selectors and clicking through browsers,,True,8,medium,23.6,12.0,11.6,-0.002,manually,automation,AI agent browser automation broke production due to a single button class change,7,11,62.9,https://reddit.com/r/automation/comments/1t64ppg/ai_agent_browser_automation_broke_production_due/,63.7,False,0,87.0
Many business owners struggle to generate profit from paid ads due to improper setup and lack of research.,workflow,business owners,Hiring agencies or attempting to run ads themselves with limited success.,Meta,True,7,broad,33.9,14.0,19.9,0.152,hate,Entrepreneur,How I'm generating 6 - 13 b2b calls per day with paid ads,32,74,109.8,https://reddit.com/r/Entrepreneur/comments/1t4auwa/how_im_generating_6_13_b2b_calls_per_day_with/,95.0,False,1,87.0
Struggling to acquire first clients without a portfolio or testimonials.,workflow,new marketing service providers,,,True,7,niche,17.2,0.0,17.2,0.153,,smallbusiness,How do you actually approach local businesses when you're brand new and have zero clients to show?,14,50,34.2,https://reddit.com/r/smallbusiness/comments/1t781i1/how_do_you_actually_approach_local_businesses/,42.3,False,0,86.8
Difficulty in marketing due to restrictions on self-promotion in existing communities.,workflow,solo creators,Building a new community for open sharing and self-promotion.,,True,7,medium,17.2,0.0,17.2,0.116,,indiehackers,i’ve been rejected from every community i tried to market in so i’m building my own,6,83,66.3,https://reddit.com/r/indiehackers/comments/1t618ao/ive_been_rejected_from_every_community_i_tried_to/,60.4,False,0,86.8
Difficulty in attracting initial users to a paid community due to lack of social proof.,workflow,founders of niche paid communities,Founding member program and Reddit posts in relevant communities.,,True,7,niche,16.5,0.0,16.5,0.07,,startups,How do you get the first real users for a paid community when you have zero social proof to show them? i will not promote!,15,37,162.1,https://reddit.com/r/startups/comments/1t2cqlo/how_do_you_get_the_first_real_users_for_a_paid/,41.5,False,0,85.8
"Signup data is unreliable for lead prioritization, causing missed opportunities.",data,sales team at an early stage B2B SaaS company,"Keeping signup friction low and relying on manual CRM data, but considering automatic enrichment based on work email.",,True,7,medium,27.7,14.0,13.7,0.025,hate,SaaS,Why does signup data look useful but fail in actual lead prioritization?,9,20,4.7,https://reddit.com/r/SaaS/comments/1t8dsnf/why_does_signup_data_look_useful_but_fail_in/,63.4,False,0,85.8
The core problem is starting a consulting business with no prior experience and limited funds.,workflow,disabled individual starting a consulting business,,,True,8,niche,18.9,8.0,10.9,0.151,does anyone,smallbusiness,Need guidance for online consulting business,3,14,58.7,https://reddit.com/r/smallbusiness/comments/1t69uui/need_guidance_for_online_consulting_business/,42.1,False,0,84.8
Tracking competitors at scale across multiple sectors is unmanageable.,workflow,early-stage investors,rely on founders to track their own space,,True,7,medium,25.5,12.0,13.5,0.239,manually,startups,Early-stage investor with 12 portfolio companies here how are you all tracking competitors at scale? (I will not promote),10,17,85.1,https://reddit.com/r/startups/comments/1t591xa/earlystage_investor_with_12_portfolio_companies/,61.9,False,0,84.8
Automated dispute resolution systems miss important contextual evidence.,tooling,business owners handling disputes,manual review of evidence,,True,7,medium,25.3,12.0,13.3,0.229,manually,automation,Dispute resolution automation missing context that matters,9,17,100.7,https://reddit.com/r/automation/comments/1t4oyup/dispute_resolution_automation_missing_context/,61.5,False,0,84.6
"Script7 was not optimized for mobile, affecting user retention.",workflow,mobile users of Script7,Improved mobile optimization and added a feedback page.,,True,7,medium,25.0,12.0,13.0,0.05,manually,indiehackers,added a feedback page and mobile optimization to Script7 here is why,2,36,116.1,https://reddit.com/r/indiehackers/comments/1t443qo/added_a_feedback_page_and_mobile_optimization_to/,61.1,False,0,84.1
"Vloggers have no financial incentive to use the marketplace, causing a chicken-and-egg problem.",workflow,food influencers/vloggers,,,True,7,medium,34.5,24.0,10.5,0.089,"painful, manually",startups,"Cold-start problem on a two-sided marketplace where one side has zero financial incentive, am I overthinking this? i will not promote",1,20,165.8,https://reddit.com/r/startups/comments/1t28d1z/coldstart_problem_on_a_twosided_marketplace_where/,64.4,False,0,84.0
"Managing numerous SaaS tools that don't integrate well, leading to inefficient workflows.",integration,small agency owners,Automating workflows using AI to reduce the number of tools and manual data entry.,,True,7,medium,37.7,28.0,9.7,0.057,"hours every, manually",automation,After 4 years of stacking saas tools i finally snapped and automated most of it away,3,9,9.5,https://reddit.com/r/automation/comments/1t864z6/after_4_years_of_stacking_saas_tools_i_finally/,65.5,False,0,83.9
The poster needs to earn USD 700/month before potentially losing their job by the end of the year.,workflow,bank clerk in Bangladesh,Considering learning WordPress website building for small businesses in the USA.,,True,8,medium,12.0,0.0,11.8,-0.016,,sidehustle,Need to earn USD 700/month before I lose job by the end of year. Should I do WordPress website building or something else?,8,11,29.2,https://reddit.com/r/sidehustle/comments/1t7ggtl/need_to_earn_usd_700month_before_i_lose_job_by/,56.9,False,0,83.7
Entrepreneurs lack strategic clarity on how to integrate AI into their businesses effectively.,workflow,entrepreneurs in developing countries,,,True,7,broad,15.1,0.0,15.1,0.146,,Entrepreneur,AI is transforming entrepreneurship. What needs to happen next?,9,32,34.3,https://reddit.com/r/Entrepreneur/comments/1t77vax/ai_is_transforming_entrepreneurship_what_needs_to/,74.3,False,0,83.6
Lack of clarity and productivity due to constant context switching between college and startup tasks.,workflow,college student and startup founder,Tried basic productivity tools but found them too rigid or stopped using them.,,True,7,medium,15.0,0.0,15.0,-0.003,,startups,I’m busy the entire day… but still feel like I’m getting nothing important done (college + startup) I will not promote,21,18,134.5,https://reddit.com/r/startups/comments/1t3cdlg/im_busy_the_entire_day_but_still_feel_like_im/,57.0,False,0,83.5
The poster wants to invest in single-family rentals but has bad credit.,workflow,general contractor with experience in rehabbing houses,,,True,7,medium,17.0,0.0,14.8,-0.147,,Entrepreneur,Anyone buying single family rentals? Have a question,10,27,124.9,https://reddit.com/r/Entrepreneur/comments/1t3qsw9/anyone_buying_single_family_rentals_have_a/,58.0,False,0,83.2
The business has not received any customers despite marketing efforts.,workflow,small business owner,"posting on social media, paid ads, distributing business cards",,True,8,medium,11.9,0.0,11.3,-0.041,,smallbusiness,Started a Mobile IT Service Business,2,20,35.6,https://reddit.com/r/smallbusiness/comments/1t760s7/started_a_mobile_it_service_business/,56.4,False,0,83.0
Limited funding for starting a mobile bartending business.,cost,aspiring business owner in mobile bartending,,,True,7,medium,20.9,8.0,12.9,0.093,any suggestions,smallbusiness,First time venture,8,16,56.2,https://reddit.com/r/smallbusiness/comments/1t6e1cf/first_time_venture/,58.5,False,0,82.8
Following up on unpaid invoices is awkward and can affect cash flow.,workflow,small service business owners,"manual follow-up with email, WhatsApp, or calls",,True,7,medium,32.1,22.0,9.7,-0.024,"annoying, manually",smallbusiness,How are you handling unpaid invoice follow-ups without annoying customers?,0,24,42.1,https://reddit.com/r/smallbusiness/comments/1t6yqcl/how_are_you_handling_unpaid_invoice_followups/,62.2,False,0,82.2
Python scripts for data scraping break frequently due to vendor portal changes.,tooling,developer,custom python scripts,,True,7,medium,14.0,0.0,14.0,0.076,,automation,Moving beyond brittle scripts for robotic process automation tools,9,22,91.3,https://reddit.com/r/automation/comments/1t52h03/moving_beyond_brittle_scripts_for_robotic_process/,55.4,False,0,82.0
Needs $300 in 4 days to pay rent after startup ran out of money.,cost,software engineer,,,False,10,niche,10.5,0.0,10.5,0.45,,SaaS,How do I get $300 in 4 days?,1,20,7.7,https://reddit.com/r/SaaS/comments/1t88yk5/how_do_i_get_300_in_4_days/,37.6,False,0,81.8
Lack of per-client cost visibility and workflow inefficiencies in automation platforms for agencies.,workflow,agencies,,,True,7,medium,13.8,0.0,13.8,0.116,,automation,How do you manage policy and cost across many client workflows?,10,19,43.1,https://reddit.com/r/automation/comments/1t6xnfr/how_do_you_manage_policy_and_cost_across_many/,55.1,False,0,81.7
Store owners spend too much time on manual customer service tasks.,workflow,e-commerce store owners,Automated AI triage system using n8n and Claude.,,True,7,medium,37.6,30.0,7.6,0.09,"frustrated, hours every",automation,This n8n automation saves a store owner 2-3 hours every day — full AI customer service triage with 6 paths and zero manual work,3,4,53.3,https://reddit.com/r/automation/comments/1t6iysz/this_n8n_automation_saves_a_store_owner_23_hours/,63.5,False,0,81.4
Editing PDF text in a browser without altering the original layout is technically challenging.,tooling,PDF editor developers,Use of white boxes to overlay text or import PDFs into editable layers.,,True,7,medium,31.1,22.0,9.1,0.055,"painful, broken",webdev,Working on a browser-native PDF editing engine -  this is the architecture so far,0,20,152.1,https://reddit.com/r/webdev/comments/1t2oq8q/working_on_a_browsernative_pdf_editing_engine/,61.0,False,0,81.2
Manually tracking and analyzing Reddit conversations for market intelligence is impossible.,workflow,product developers or marketers,Building a product to automatically track conversations and insights,,True,7,medium,34.1,26.0,8.1,0.06,"hate, manually",SaaS,I thought Reddit would bring traffic. It ended up changing my product.,3,5,22.7,https://reddit.com/r/SaaS/comments/1t7q9oq/i_thought_reddit_would_bring_traffic_it_ended_up/,61.8,False,0,80.9
Solo developers struggle to market their products and gain paying users.,workflow,solo developers and early-stage startup founders,,,True,8,medium,27.5,22.0,5.5,0.128,"painful, broken",SaaS,"Building an app takes a weekend. Getting paying users takes months. I'm building a tool to fix the ""I can't market"" problem",1,3,15.2,https://reddit.com/r/SaaS/comments/1t7z41r/building_an_app_takes_a_weekend_getting_paying/,60.2,False,0,80.8
AI startups struggle to retain customers due to lack of product differentiation and high costs.,cost,AI startups,,,True,7,medium,13.2,0.0,13.2,0.184,,startups,Why do AI startups keep dying before they find a second customer? (I will not promote),3,31,34.5,https://reddit.com/r/startups/comments/1t77i8n/why_do_ai_startups_keep_dying_before_they_find_a/,54.2,False,0,80.8
"Entrepreneurs become bottlenecks by handling all tasks themselves, losing personal freedom.",workflow,entrepreneurs,,,True,7,broad,23.3,12.0,10.8,-0.032,manually,SaaS,How do you stop being the 'bottleneck' in your own company?,5,10,34.8,https://reddit.com/r/SaaS/comments/1t7763j/how_do_you_stop_being_the_bottleneck_in_your_own/,75.3,False,0,80.8
Difficulty in reaching customers and distributing the SaaS product.,workflow,SaaS product developers,,,True,7,broad,14.3,0.0,13.1,-0.083,,SaaS,Is distribution the problem to solve,8,17,9.1,https://reddit.com/r/SaaS/comments/1t86qsx/is_distribution_the_problem_to_solve/,71.2,False,0,80.6
"New users were getting lost after signing up, leading to drop-offs.",workflow,solo creators and small creator teams,Added guided onboarding messages to walk users through the app step by step.,,True,7,medium,13.1,0.0,13.1,0.081,,indiehackers,"retention is up, shipped team features, and i’m starting to understand what makes a product sticky",1,48,55.0,https://reddit.com/r/indiehackers/comments/1t6g49g/retention_is_up_shipped_team_features_and_im/,54.0,False,0,80.6
Knowledge workers spend too much time manually reading and responding to messages.,workflow,knowledge workers,"Using Dolly to draft messages and decide on sending, with trust calibration over time.",,True,7,broad,22.7,12.0,10.7,0.021,manually,automation,We automated everything at work except the one thing that takes up the most time: actually reading and responding to messages,4,11,39.5,https://reddit.com/r/automation/comments/1t71j2n/we_automated_everything_at_work_except_the_one/,74.7,False,0,80.6
The core problem is wanting to scale a startup while working a high-paying job.,workflow,PM in FAANG,"Working on LLM consulting business and automations, relying on word of mouth",,True,7,medium,25.5,14.0,10.3,-0.082,hate,smallbusiness,"Make over 250k in Faang, want to scale my startup. How do I do it?",0,30,48.0,https://reddit.com/r/smallbusiness/comments/1t6rcf3/make_over_250k_in_faang_want_to_scale_my_startup/,58.8,False,0,80.6
The core problem is the lack of knowledge and resources to take a family-run bag manufacturing business global.,workflow,family-run bag manufacturing business owner,They currently operate on a made-to-order model without pursuing international markets.,,True,7,medium,13.0,0.0,13.0,0.131,,startups,"I will not promote I genuinely need advice, our family bag factory has been running since before I was born and I want to take it global but have no idea where to start",6,20,109.8,https://reddit.com/r/startups/comments/1t4asfn/i_will_not_promote_i_genuinely_need_advice_our/,53.9,False,0,80.5
The core problem is not knowing how to start and manage a cafe/bakery business.,workflow,aspiring cafe/bakery owner,,,True,7,medium,12.9,0.0,12.9,0.101,,RestaurantOwners,Opening My Own Cafe/Bakery,4,24,88.9,https://reddit.com/r/restaurantowners/comments/1t555un/opening_my_own_cafebakery/,53.7,False,0,80.4
The mobile app studio has no inbound clients and is unsure how to effectively acquire them.,workflow,mobile app studio owners,reading generic advice like posting on LinkedIn and doing cold outreach,,True,7,medium,23.9,14.0,9.9,0.056,hate,startups,Just launched a mobile app studio and have no idea how to get clients. What actually worked for you? I will not promote,1,16,117.8,https://reddit.com/r/startups/comments/1t41p6n/just_launched_a_mobile_app_studio_and_have_no/,57.4,False,0,80.1
Inconsistent customer demand for an online sales business.,workflow,online sales business owner,,,True,7,medium,12.7,0.0,12.7,0.087,,smallbusiness,Struggling to find consistent customer demand for my online sales business — what should I do?,5,20,44.7,https://reddit.com/r/smallbusiness/comments/1t6vqnt/struggling_to_find_consistent_customer_demand_for/,53.4,False,0,80.0
AI agents fail to execute tasks in real web environments due to browser-related issues.,integration,AI development teams,spend weeks patching edge cases,,True,7,medium,12.7,0.0,12.7,0.089,,automation,We built AI agents for real work but they all fail in production at the same point,8,15,35.3,https://reddit.com/r/automation/comments/1t76f88/we_built_ai_agents_for_real_work_but_they_all/,53.4,False,0,80.0
The core problem is scaling distribution for a job application tracking SaaS.,workflow,developer building the SaaS,SEO Blog pages and early content experiments on TikTok and Reddit,,True,7,medium,17.5,6.0,11.5,0.229,need help,startups,I built a job application SaaS with 20 users and 1 paying customer - I think I need help scaling distribution (I will not promote),5,13,120.6,https://reddit.com/r/startups/comments/1t3xw90/i_built_a_job_application_saas_with_20_users_and/,55.1,False,0,80.0
Finding serious startup co-founders or teammates online is difficult.,workflow,entrepreneurs or startup founders,"Using platforms, communities, Discords, LinkedIn",,True,7,medium,13.8,0.0,12.6,-0.08,,SaaS,Why is finding serious co-founders/startup teammates online so difficult?,5,19,4.6,https://reddit.com/r/SaaS/comments/1t8eje6/why_is_finding_serious_cofoundersstartup/,54.0,False,0,79.9
The developer has built a SaaS application but doesn't know how to acquire initial users.,workflow,developer,,,False,7,medium,19.2,0.0,19.2,0.0,,SaaS,I built a SaaS but have no idea how to get my first users,19,80,31.5,https://reddit.com/r/SaaS/comments/1t7civb/i_built_a_saas_but_have_no_idea_how_to_get_my/,53.0,False,0,79.8
Small businesses lose significant revenue due to missed phone calls.,workflow,small business owners,,,True,8,medium,27.5,22.0,4.8,-0.045,"annoying, painful",SaaS,I realized one missed call could cost a small business thousands… so I built something about it.,0,4,21.1,https://reddit.com/r/SaaS/comments/1t7sfrq/i_realized_one_missed_call_could_cost_a_small/,59.5,False,0,79.8
Spending more time maintaining automation tools than doing actual work.,workflow,SaaS business owner,Rebuilt the system to consolidate logic into fewer moving parts.,,True,7,medium,30.1,22.0,8.1,0.057,"broken, manually",automation,finally stopped managing my tools and started managing my business,3,5,9.8,https://reddit.com/r/automation/comments/1t85qyv/finally_stopped_managing_my_tools_and_started/,59.4,False,0,79.8
People panic and struggle to make decisions during emergencies before professionals arrive.,workflow,normal people during emergencies,,,True,8,broad,18.5,12.0,6.5,0.059,painful,SaaS,A hackathon project unexpectedly turned into startup conversations with a company in Germany,4,2,6.8,https://reddit.com/r/SaaS/comments/1t8abex/a_hackathon_project_unexpectedly_turned_into/,72.5,False,0,79.4
High monthly software costs are a burden for scaling an agency.,cost,agency owners,,,True,7,medium,23.5,14.0,9.5,0.131,sick of,smallbusiness,"Sick of the $500/mo ""Agency Tax."" Is there a leaner way to set up professional infrastructure?",0,23,36.1,https://reddit.com/r/smallbusiness/comments/1t75d7u/sick_of_the_500mo_agency_tax_is_there_a_leaner/,56.8,False,0,79.4
"The student is unsure whether to scale up their business or focus on new ventures, feeling overwhelmed by the workload.",workflow,young entrepreneur,,,True,7,medium,12.1,0.0,12.1,0.071,,smallbusiness,Feeling lost at 18,4,18,29.2,https://reddit.com/r/smallbusiness/comments/1t7gehk/feeling_lost_at_18/,52.5,False,0,79.2
The core problem is the inability to access critical analytics data from SaaS dashboards due to lack of export options or API access.,data,management and data analysts,manually extracting data by reading the network tab,,True,8,medium,18.2,12.0,6.2,0.145,manually,webdev,we needed data from dashboards with no api access and ended up manually extracting everything,0,7,36.2,https://reddit.com/r/webdev/comments/1t757z9/we_needed_data_from_dashboards_with_no_api_access/,55.3,False,0,78.9
"The company's web app needs to support multiple languages accurately, as browser translations are insufficient.",integration,web app developers,relying on browser translations,,True,7,medium,21.5,12.0,9.5,0.195,manually,webdev,Translation services,4,7,53.1,https://reddit.com/r/webdev/comments/1t6jcn3/translation_services/,55.6,False,0,78.8
Difficulty in acquiring foreign clients for automation services.,workflow,automation agency owner,Cold emailing and LinkedIn messaging offering free pilot projects.,,True,7,medium,13.2,0.0,11.8,-0.096,,automation,"made money in the indian market, now trying to get into the foreign market",6,13,67.5,https://reddit.com/r/automation/comments/1t5ztcq/made_money_in_the_indian_market_now_trying_to_get/,52.8,False,0,78.7
The small business owner needs affordable social media management without trial and error.,cost,small business owner,,,True,5,medium,42.2,30.0,12.2,0.155,"waste time, recommendations",smallbusiness,Social Media Management Recommendations,2,27,30.6,https://reddit.com/r/smallbusiness/comments/1t7e0hs/social_media_management_recommendations/,61.0,True,0,78.3
The ecommerce store has no sales despite efforts in social media marketing.,workflow,ecommerce store owner,Using social media accounts for marketing and seeking feedback.,,True,7,niche,11.5,0.0,11.5,0.084,,smallbusiness,I launched my first ecommerce store but I’m stuck at 0 sales,1,28,37.5,https://reddit.com/r/smallbusiness/comments/1t73ppt/i_launched_my_first_ecommerce_store_but_im_stuck/,36.1,False,0,78.2
Getting people to discover a new SaaS is much harder than expected.,workflow,SaaS founders,Listing on startup directories and niche SaaS sites manually.,,True,7,medium,21.4,12.0,9.1,-0.02,manually,SaaS,Nobody tells you this after you launch your SaaS…,2,9,8.0,https://reddit.com/r/SaaS/comments/1t88gwm/nobody_tells_you_this_after_you_launch_your_saas/,55.2,False,0,78.2
Managing employee expenses is messy and requires manual cleanup.,workflow,small business owners,manual cleanup before bookkeeping,,True,7,medium,24.5,12.0,9.1,-0.225,manually,smallbusiness,Small business expense management for team cards and reimbursements?,4,6,38.8,https://reddit.com/r/smallbusiness/comments/1t729uj/small_business_expense_management_for_team_cards/,57.0,False,0,78.2
Unable to secure a loan for acquiring an established business due to bank requirements.,cost,business acquirer,Considering using 401K funds despite penalties.,,False,8,medium,24.3,12.0,12.3,0.186,headache,smallbusiness,Financing an Acquisition,2,28,21.1,https://reddit.com/r/smallbusiness/comments/1t7sd7b/financing_an_acquisition/,54.0,False,0,78.1
Students spend too much time organizing their study schedules instead of studying.,workflow,university students,juggling multiple platforms and manually entering deadlines,,True,7,medium,29.0,22.0,7.0,0.075,"annoying, manually",SaaS,"I built a tool that takes your syllabus PDF and turns it into a full semester study plan with daily tasks and calendar alerts. Early beta, looking for student testers.",2,4,34.0,https://reddit.com/r/SaaS/comments/1t78b1c/i_built_a_tool_that_takes_your_syllabus_pdf_and/,57.7,False,0,78.1
Lack of clear contract definitions leads to complex and inconsistent billing processes.,workflow,billing and finance teams in a SAAS startup,Using scripts and pivot tables in Hubspot to manage billing inconsistencies.,,True,7,medium,22.6,14.0,8.6,0.126,hate,startups,"We scaled fast, ignored contract definitions, and now billing is archaeological work [I will not promote]",1,10,103.7,https://reddit.com/r/startups/comments/1t4jn1q/we_scaled_fast_ignored_contract_definitions_and/,55.4,False,0,78.1
The nanny agency is not receiving enough enquiries or closing sales despite efforts in marketing and branding.,workflow,nanny agency owner,Invested in a business coach and focused on organic marketing and personal branding.,,True,7,medium,11.3,0.0,11.3,0.077,,smallbusiness,What am I doing wrong?,2,20,8.8,https://reddit.com/r/smallbusiness/comments/1t877jk/what_am_i_doing_wrong/,51.2,False,0,78.0
Fragmented autoimmune care with lack of ongoing support between appointments.,workflow,people living with autoimmune conditions,Testing a small paid follow-up model with access to a clinical nutritionist and symptom tracking.,,True,7,medium,22.4,14.0,8.4,0.12,frustrated,smallbusiness,How did you get your first paying customers in healthcare/wellness?,2,7,15.2,https://reddit.com/r/smallbusiness/comments/1t7z5qk/how_did_you_get_your_first_paying_customers_in/,55.1,False,0,77.8
Manually finding leads is time-consuming and inefficient.,workflow,entrepreneurs and small business owners,Using a self-built tool called leadverse.,,True,7,medium,25.6,18.0,7.6,0.148,"manually, need help",automation,I wanted a simple and affordable way to connect with leads.. so I built a tool for that and made over $12k in ~8 months,2,5,102.4,https://reddit.com/r/automation/comments/1t4m219/i_wanted_a_simple_and_affordable_way_to_connect/,56.3,False,0,77.8
Difficulty in getting indie skincare brands to onboard onto a new marketplace.,integration,solo founder of a skincare marketplace,Personalized cold emails and offering a free listing tier with zero upfront cost.,,True,7,medium,11.2,0.0,11.2,0.006,,smallbusiness,I built a skincare marketplace as a solo founder and I can't get brands to onboard. What am I doing wrong?,2,19,55.7,https://reddit.com/r/smallbusiness/comments/1t6erbp/i_built_a_skincare_marketplace_as_a_solo_founder/,51.1,False,0,77.8
Book sales have slowed down significantly after the first year of business.,workflow,small business owner,,,True,7,niche,11.1,0.0,11.1,0.083,,smallbusiness,Need advice on continuing my small business after 1 year. Book sales have slowed down,6,10,12.6,https://reddit.com/r/smallbusiness/comments/1t81zho/need_advice_on_continuing_my_small_business_after/,35.6,False,0,77.6
High customer churn due to misalignment between product and customer needs.,workflow,business owner,Refocused marketing and tightened ideal customer profile.,,True,7,niche,11.1,0.0,10.8,-0.023,,startups,"I spent 4 months fighting churn before realizing I was the problem, not the product (I will not promote I sweaar!)",5,10,77.7,https://reddit.com/r/startups/comments/1t5kpro/i_spent_4_months_fighting_churn_before_realizing/,35.4,False,0,77.2
AI is reducing the need for certain SaaS expenses.,cost,SaaS businesses,Using AI to replace SaaS tools.,,True,7,broad,10.7,0.0,10.7,0.162,,SaaS,"FREE LESSON - how we killed a ""sticky saas"" with claude code opus 4.7 -  and how to prepare your business for the saaspocalypse",25,3,36.4,https://reddit.com/r/SaaS/comments/1t74y08/free_lesson_how_we_killed_a_sticky_saas_with/,65.4,False,0,77.0
The core problem is the need for document reference numbering and audit logging for legal documents.,workflow,small business owner,Using Google Script for document numbering but lacks audit log.,,True,7,medium,10.7,0.0,10.7,0.092,,startups,What are you using for Document Reference Numbering and Audit Log ? I will not promote,4,11,113.9,https://reddit.com/r/startups/comments/1t46mqf/what_are_you_using_for_document_reference/,50.3,False,0,77.0
Startups struggle with distribution rather than product development.,workflow,startup founders,Engage with users directly and participate in niche communities.,,True,7,broad,21.2,12.0,8.1,-0.075,painful,SaaS,"A lot of startups do not have a product problem, they have a distribution problem.",3,5,34.8,https://reddit.com/r/SaaS/comments/1t771sd/a_lot_of_startups_do_not_have_a_product_problem/,70.3,False,0,76.8
Need to embed reliable e-signature functionality into a B2B SaaS product workflow.,integration,B2B SaaS product developers,,,True,7,medium,10.5,0.0,10.5,0.292,,automation,building contract signing into our SaaS product and trying to understand what a good e-signature API actually looks like,3,12,60.8,https://reddit.com/r/automation/comments/1t66zoh/building_contract_signing_into_our_saas_product/,50.0,False,0,76.8
The cost of hiring a receptionist is too high for a small office.,cost,small office owner,The owner is currently answering the phone themselves.,,True,7,medium,10.8,0.0,10.5,-0.021,,smallbusiness,the math on hiring a receptionist just doesn't add up for me anymore.,0,32,19.0,https://reddit.com/r/smallbusiness/comments/1t7uxws/the_math_on_hiring_a_receptionist_just_doesnt_add/,50.2,False,0,76.8
"Websites are not optimized for AI agents, which affects their visibility and usability.",workflow,web developers,,,True,7,broad,10.3,0.0,10.3,0.243,,webdev,"Build websites for agents, not just humans",0,30,123.2,https://reddit.com/r/webdev/comments/1t3tp51/build_websites_for_agents_not_just_humans/,64.6,False,0,76.4
The clinic owner struggles with training new hires without risking them leaving after learning everything.,workflow,physiotherapy clinic owner,,,True,7,niche,10.3,0.0,10.3,0.123,,smallbusiness,"Do I teach them everything I know, or keep some knowledge to myself; what and how?",2,14,58.8,https://reddit.com/r/smallbusiness/comments/1t69opf/do_i_teach_them_everything_i_know_or_keep_some/,34.8,False,0,76.4
Struggling to find clients for a small web development business.,workflow,small web development business owner,,,True,7,medium,10.2,0.0,10.2,0.0,,smallbusiness,"I run a tiny web dev business in Toronto helping local trades/service businesses, struggling to find clients. How did you find your first customers?",0,29,44.2,https://reddit.com/r/smallbusiness/comments/1t6wccr/i_run_a_tiny_web_dev_business_in_toronto_helping/,49.5,False,0,76.3
Real estate firms are inefficiently using outdated tools like WhatsApp and Excel sheets.,workflow,real estate agents and firms,Using AI and automation to improve efficiency and productivity.,,True,7,broad,30.8,26.0,4.8,0.195,"manually, excel",automation,22% of real estate in dubai is owned by indians. how i am using automation to tap into that.,0,4,164.0,https://reddit.com/r/automation/comments/1t2aj8e/22_of_real_estate_in_dubai_is_owned_by_indians/,73.7,False,0,76.0
Users spend time on the site but do not subscribe or use the app.,workflow,app developer,"Optimizing site based on user behavior and offering a single, cheapest plan.",,True,7,medium,21.2,14.0,7.2,0.099,frustrated,SaaS,Super frustrated with users who spend 10 minutes on the site but don't subscribe,1,6,35.6,https://reddit.com/r/SaaS/comments/1t75zxf/super_frustrated_with_users_who_spend_10_minutes/,53.2,False,0,76.0
Struggling to close sales due to a disconnect between client requirements and budget.,workflow,freelance website developer,,,True,7,niche,10.1,0.0,10.0,-0.004,,smallbusiness,"Small Business Owners, I need guidance",3,10,38.6,https://reddit.com/r/smallbusiness/comments/1t72hm5/small_business_owners_i_need_guidance/,34.5,False,0,76.0
The founder can create and scale products but struggles with marketing and sales.,workflow,founder,,,True,7,medium,13.6,0.0,9.9,-0.25,,SaaS,Confused founder,2,12,18.3,https://reddit.com/r/SaaS/comments/1t7vsnq/confused_founder/,51.3,False,0,75.8
The nonprofit needs an affordable AI tool to automate administrative tasks and free up volunteer time.,tooling,nonprofit board members and volunteers,,Make,True,7,niche,26.3,14.0,12.3,0.22,hate,automation,Beginner looking for help for nonprofit,7,14,119.3,https://reddit.com/r/automation/comments/1t3zocl/beginner_looking_for_help_for_nonprofit/,42.8,False,1,75.6
High costs associated with per call fees from current answering service.,cost,restaurant owners,using Ring Central for incoming calls,,True,7,medium,14.5,6.0,8.5,0.0,need help,RestaurantOwners,Need Help Selecting Ai Answering Service,0,16,125.1,https://reddit.com/r/restaurantowners/comments/1t3qe6q/need_help_selecting_ai_answering_service/,50.5,False,0,75.6
Delays in broker responses lead to lost sales opportunities.,workflow,real estate brokers,Built a system for instant replies and lead qualification.,,True,7,medium,21.5,14.0,6.8,-0.044,sick of,automation,got sick of waiting for brokers to reply to me quickly.,1,5,161.5,https://reddit.com/r/automation/comments/1t2dfk0/got_sick_of_waiting_for_brokers_to_reply_to_me/,53.0,False,0,75.4
Struggling to get paying users for a copied SaaS product.,workflow,SaaS founder,Focusing on SEO and marketing strategies.,,True,6,medium,32.6,25.0,7.6,0.09,alternative to,SaaS,I copied a validated SaaS but now i'm struggling to get paying users,1,7,15.5,https://reddit.com/r/SaaS/comments/1t7ysrz/i_copied_a_validated_saas_but_now_im_struggling/,55.7,True,0,74.9
Finding effective marketing tools for growing a micro SaaS.,tooling,micro SaaS owners,,,True,5,niche,37.7,28.0,9.7,0.351,looking for tool,SaaS,What’s the single best marketing tool you’ve used for your micro SaaS?,2,11,10.8,https://reddit.com/r/SaaS/comments/1t847yt/whats_the_single_best_marketing_tool_youve_used/,39.2,True,0,73.9
Chase will not approve a credit limit increase despite business growth.,workflow,business owner,,Chase,True,7,medium,32.8,24.0,8.8,-0.0,"annoying, recommendations",smallbusiness,Credit Options,0,18,32.1,https://reddit.com/r/smallbusiness/comments/1t7bl23/credit_options/,61.7,True,1,73.4
Difficulty in effectively promoting a business conference for skilled tradespeople.,workflow,event organizer for a non-profit,Emailing flyers to trades groups and posting at supply places,,False,7,niche,14.6,0.0,14.6,0.067,,Entrepreneur,Need advice on how to get the word out,3,51,81.1,https://reddit.com/r/Entrepreneur/comments/1t5es84/need_advice_on_how_to_get_the_word_out/,32.9,False,0,72.9
Distraction from YouTube recommendations affects productivity.,workflow,students or individuals needing to focus while using YouTube,A Chrome extension called NeuroFilterAI filters YouTube content for productivity.,,True,7,medium,18.3,14.0,4.3,0.171,recommendations,SaaS,"Completely Bootstrapped, 0 Marketing but the Software solves a REAL Problem and getting organic Users and First Paid Users... will it BOOM??",2,1,30.7,https://reddit.com/r/SaaS/comments/1t7duj9/completely_bootstrapped_0_marketing_but_the/,48.7,True,0,71.6
There is no good online platform for people in the early stages of building their projects.,workflow,"founders, creators, and developers in the early stages",,,True,5,medium,21.6,10.0,11.6,0.067,anyone know,indiehackers,i’m building a place for people who are still figuring it out,0,46,33.8,https://reddit.com/r/indiehackers/comments/1t78qz1/im_building_a_place_for_people_who_are_still/,48.1,True,0,71.4
The startup is not reaching growth targets and is experiencing user cancellations.,workflow,startup founder,Looking for paid promotion platforms to quickly boost growth.,Product Hunt,True,7,medium,12.2,0.0,12.2,0.359,,startups,"what are the best places to promote your startup, incl paid options? (i will not promote)",6,15,162.0,https://reddit.com/r/startups/comments/1t2ctmw/what_are_the_best_places_to_promote_your_startup/,52.6,False,1,71.3
The cost of building a website that can sell products is too high.,cost,small business retail owner,,Square,True,7,medium,23.3,14.0,9.3,0.358,recommendations,smallbusiness,Small business retail owner,1,13,19.0,https://reddit.com/r/smallbusiness/comments/1t7uzto/small_business_retail_owner/,56.5,True,1,71.2
Traders repeat the same mistakes without noticing.,workflow,traders,Building a tool called EdgeStat to review behavior.,,True,7,medium,19.2,16.0,2.8,-0.028,spreadsheet,SaaS,I realized most traders repeat the same mistakes without noticing,3,0,6.5,https://reddit.com/r/SaaS/comments/1t8au6z/i_realized_most_traders_repeat_the_same_mistakes/,47.8,False,0,70.0
Overwhelmed by getting started with live selling on Whatnot.,workflow,individual needing extra money,,,False,7,medium,12.7,0.0,12.7,0.093,,sidehustle,How to get started live selling on whatnot?,13,11,29.3,https://reddit.com/r/sidehustle/comments/1t7gdi4/how_to_get_started_live_selling_on_whatnot/,44.5,False,0,70.0
"Facebook Marketplace has issues with scammers, fake listings, and lack of trust.",workflow,individuals buying or selling cars,building a new platform called CarHub Marketplace,Facebook Marketplace,True,7,medium,22.3,14.0,8.3,0.0,sick of,smallbusiness,Built an Aussie car marketplace because I got sick of Facebook Marketplace,0,15,58.6,https://reddit.com/r/smallbusiness/comments/1t6a04i/built_an_aussie_car_marketplace_because_i_got/,54.9,False,1,69.6
Difficulty in tracking profit per technician and job type using current tools.,data,business owner or manager in a service industry,Building a simple dashboard to pull data automatically.,Jobber,True,7,medium,20.3,12.0,8.3,0.276,headache,smallbusiness,How are you guys tracking profit per technician?,0,15,10.7,https://reddit.com/r/smallbusiness/comments/1t84e60/how_are_you_guys_tracking_profit_per_technician/,53.7,False,1,69.1
People are unsure how to style a specific clothing item for different occasions.,workflow,consumers and retailers,,,True,5,medium,22.6,14.0,8.6,0.091,recommendations,SaaS,How would you validate whether a styling tool is repeat-use or just a novelty?,1,10,35.8,https://reddit.com/r/SaaS/comments/1t75oob/how_would_you_validate_whether_a_styling_tool_is/,45.8,True,0,68.1
Uncertainty about the best marketing channels to reach SMBs.,workflow,marketing team,,,True,5,broad,25.6,18.0,7.6,0.346,"anyone know, does anyone",SaaS,Does anyone know or have experience in marketing your product for SMBs,1,7,14.8,https://reddit.com/r/SaaS/comments/1t7zkzg/does_anyone_know_or_have_experience_in_marketing/,60.7,True,0,67.8
Clients find it difficult to preview content due to Prismic's form field approach and lack of a staging environment.,tooling,clients using the CMS,using Prismic,Prismic,True,6,medium,24.2,14.0,10.2,0.005,recommendations,webdev,Recommendations for a visual CMS,1,18,48.4,https://reddit.com/r/webdev/comments/1t6qtsq/recommendations_for_a_visual_cms/,53.1,True,1,67.5
Silent failures in automations are not detected until clients report them.,workflow,automation developers,Refreshing dashboards once a day,"make, zapier",True,7,medium,26.2,14.0,11.8,-0.028,hate,automation,how do you catch automations breaking before the client tells you,6,13,122.4,https://reddit.com/r/automation/comments/1t3v625/how_do_you_catch_automations_breaking_before_the/,60.6,False,2,66.9
"Difficulty in finding and retaining good staff in the service industry, leading to high costs and stress.",workflow,small business owner,"Using Indeed, Craigslist, and word of mouth for hiring; conducting job trials and paying through ADP.","Indeed, Craigslist",True,7,medium,20.9,8.0,12.9,0.162,does anyone,smallbusiness,Problem with employees,5,21,30.4,https://reddit.com/r/smallbusiness/comments/1t7ee82/problem_with_employees/,58.5,False,2,66.8
The current 3D product configurator does not support full-screen mode and integration with Shopify.,integration,small business owner,Using Zakeke but facing limitations,zakeke,True,7,niche,19.5,14.0,5.5,0.165,recommendations,smallbusiness,Best 3d product configurator that allows custom images/changes colors?,2,2,56.1,https://reddit.com/r/smallbusiness/comments/1t6e5ui/best_3d_product_configurator_that_allows_custom/,35.4,True,1,65.4
Automation tools cannot automatically detect and act on the current active context on the screen.,workflow,individual users who rely on automation tools,A custom-built native dispatch utility that is screen-aware.,"zapier, shortcuts",True,7,medium,23.8,12.0,11.1,-0.044,manually,automation,"why is ""active context"" still the biggest blind spot for automation?",6,10,45.3,https://reddit.com/r/automation/comments/1t6uyaq/why_is_active_context_still_the_biggest_blind/,58.5,False,2,65.2
The current booking system is confusing and complicated.,workflow,beauty business owners,DM to book,Square,True,6,medium,25.6,18.0,7.6,0.044,"anyone know, does anyone",smallbusiness,any FREE booking sites for beauty businesses?,1,7,26.1,https://reddit.com/r/smallbusiness/comments/1t7lido/any_free_booking_sites_for_beauty_businesses/,51.5,True,1,64.8
Difficulty in targeting a broad audience for a Chrome extension that filters noise from various websites.,workflow,product marketer,Identified personas and potential acquisition channels.,,True,5,broad,20.4,14.0,6.4,0.17,recommendations,SaaS,How do you market your product if it literally targets everyone?,2,3,25.2,https://reddit.com/r/SaaS/comments/1t7mwbw/how_do_you_market_your_product_if_it_literally/,55.1,True,0,64.8
Unable to create a Plaid account to connect financial data for a finance application.,support,developer,,,False,7,medium,14.4,8.0,6.4,0.033,any suggestions,webdev,Unable to create a Plaid account,2,3,122.9,https://reddit.com/r/webdev/comments/1t3u9q7/unable_to_create_a_plaid_account/,40.3,False,0,63.0
Shipping from Europe to the US has become prohibitively expensive.,cost,European businesses shipping to the US,Use FedEx or UPS at a high cost,"FedEx, UPS",True,8,medium,10.6,0.0,8.3,-0.15,,smallbusiness,"Businesses outside the USA, have you found a way to ship to the US ?",1,9,53.7,https://reddit.com/r/smallbusiness/comments/1t6id2f/businesses_outside_the_usa_have_you_found_a_way/,52.7,False,2,62.4
Inbox automation exposes weaknesses in AI assistants due to messy inputs and potential for significant mistakes.,tooling,AI assistant developers,Use Vellum for scoped permissions and audit logs.,"OpenClaw, Hermes",True,7,medium,10.8,0.0,10.8,0.018,,automation,why Vellum handles inbox automation better than OpenClaw or Hermes,5,10,59.0,https://reddit.com/r/automation/comments/1t69eqy/why_vellum_handles_inbox_automation_better_than/,50.4,False,2,61.2
Shared email infrastructure caused a sudden drop in open rates.,workflow,businesses relying on cold email campaigns,Building a custom tool called LeadSnipper.,"Postmaster, MXToolbox",True,7,medium,20.3,12.0,8.3,0.009,painful,SaaS,Built a cold email tool after our open rates randomly died overnight lol,1,9,5.4,https://reddit.com/r/SaaS/comments/1t8co52/built_a_cold_email_tool_after_our_open_rates/,53.7,False,2,61.0
Technical founders struggle with marketing and growing beyond initial customers.,workflow,technical builders / co-founders,Torch Compass AI agents for GTM tasks,"ChatGPT, Perplexity",True,8,medium,14.8,10.0,4.8,0.067,broken,SaaS,Built an AI marketing agent for founders doing GTM alone,0,4,8.3,https://reddit.com/r/SaaS/comments/1t87wt9/built_an_ai_marketing_agent_for_founders_doing/,51.9,False,2,60.2
Zapier cannot handle active context automation like reading and processing open documents.,workflow,businesses needing real-time document processing,Using Invoko for active context automation and Zapier for backend infrastructure,"Zapier, Invoko",True,7,medium,22.8,16.0,6.8,0.023,spreadsheet,automation,"The ""Boring Utility"" gap that Zapier structurally can't bridge.",1,5,118.6,https://reddit.com/r/automation/comments/1t40qto/the_boring_utility_gap_that_zapier_structurally/,53.8,False,2,60.0
The user wants to start an agency for local businesses but lacks ideas on what services are needed.,workflow,aspiring agency owner,,,False,5,medium,21.6,14.0,7.6,0.21,recommendations,smallbusiness,Need suggestions,1,7,13.5,https://reddit.com/r/smallbusiness/comments/1t811d2/need_suggestions/,36.9,True,0,56.6
Need a reliable tool for refundable pre-orders to validate an app idea.,tooling,app developers,,"Stripe, Gumroad",False,7,medium,38.5,33.0,5.5,0.223,"need a tool, does anyone",smallbusiness,Best tools for refundable pre-orders for Apps?,1,3,5.6,https://reddit.com/r/smallbusiness/comments/1t8c9el/best_tools_for_refundable_preorders_for_apps/,51.6,True,2,53.2
Uncertainty about where to buy quality furniture and equipment for a new cafe.,cost,first-time cafe owner,,"AliBaba, Wayfair",False,7,medium,13.2,6.0,7.2,0.075,need help,smallbusiness,Cafe Furniture Need Help On Where To Buy,1,6,9.3,https://reddit.com/r/smallbusiness/comments/1t86fkb/cafe_furniture_need_help_on_where_to_buy/,40.4,False,2,47.6
Difficulty redirecting a domain from WordPress back to GoDaddy.,support,individual building a website,,"WordPress, GoDaddy",False,7,broad,13.5,6.0,6.9,-0.042,need help,webdev,"First Wordpress site, need help.",0,9,151.8,https://reddit.com/r/webdev/comments/1t2p7qq/first_wordpress_site_need_help/,52.4,False,2,47.2
